{"best_metric": 0.036062352285099714, "_timestamp": 1704700454.1145418, "_runtime": 6.108705759048462, "_step": 129, "best_model_checkpoint": "vit-base-patch16-224-in21k-finetuned-eurosat\\checkpoint-1288", "epoch": 0.99, "global_step": 1288, "is_hyper_param_search": false, "is_local_process_zero": true, "is_world_process_zero": true, "learning_rate": 0.0004968944099378882, "loss": 6.7791, "step": 1280, "_wandb": {"runtime": 4}}